task_id,model,method,repetition,phase,target_seconds,status,bound_fraction,bound_numerator,bound_denominator,bound_decimal,factors,integer_entries,raw_count,certificate_path,certificate_sha256,source_dual_sha256,factorization,verification_seconds,independent_full_scans_agree,formalized_in_Lean,verification_reused,candidate_available_seconds,numerical_upper,retrospective_certification_seconds,exact_bound_fraction,exact_bound_decimal
reference-M6-SDP-FULL-1h,M6,SDP-FULL,1,reference,60,no_completed_candidate,,,,,,,,,,,,,,,,,,,,
reference-M6-SDP-FULL-1h,M6,SDP-FULL,1,reference,300,no_completed_candidate,,,,,,,,,,,,,,,,,,,,
reference-M6-SDP-FULL-1h,M6,SDP-FULL,1,reference,900,no_completed_candidate,,,,,,,,,,,,,,,,,,,,
reference-M6-SDP-FULL-1h,M6,SDP-FULL,1,reference,1800,no_completed_candidate,,,,,,,,,,,,,,,,,,,,
reference-M6-SDP-FULL-1h,M6,SDP-FULL,1,reference,3600,verified,404395939151293/720000000000000,404395939151293,720000000000000,0.5616610265990181,84,3989,964,<repo>\.research-repro\section6-complete-20260911-01\jobs\reference-M6-SDP-FULL-1h\attempt-01\exact\final-svd\certificate.json,7caa7e189f521e1fbfb6d65a2c8c50e759df297aa836a5a42dfad7006a7d09e2,ea35ec59451117909ebfe78ad48be3cb0dcee4ab75d147b6fc999ab85e33bd56,svd,2.0725667476654053,True,False,True,3595.219000000012,0.5616609456927959,3597.2915667476773,,
production-M7-no5-SDP-FULL-rep-01,M7-no5,SDP-FULL,1,production,60,no_completed_candidate,,,,,,,,,,,,,,,,,,,,
production-M7-no5-SDP-FULL-rep-01,M7-no5,SDP-FULL,1,production,300,no_completed_candidate,,,,,,,,,,,,,,,,,,,,
production-M7-no5-SDP-FULL-rep-01,M7-no5,SDP-FULL,1,production,900,no_completed_candidate,,,,,,,,,,,,,,,,,,,,
production-M7-no5-SDP-FULL-rep-01,M7-no5,SDP-FULL,1,production,1800,no_completed_candidate,,,,,,,,,,,,,,,,,,,,
production-M7-no5-SDP-FULL-rep-01,M7-no5,SDP-FULL,1,production,3600,verified,86174701163427/140000000000000,86174701163427,140000000000000,0.6155335797387643,339,49161,13051375,<repo>\.research-repro\section6-complete-20260911-01\jobs\production-M7-no5-SDP-FULL-rep-01\attempt-01\exact\final-svd\certificate.json,b80b6a0d31c3f6c08d130ff6facfebc90134cdab2f8acfd2104c7aee0671e07b,36015ada1162585b1ef445e66da091240e2357998f9b16bbf08f0341f2d3a161,svd,74.32211709022522,True,False,True,3533.0780000000377,0.6155335527261638,3607.400117090263,,
production-M7-all5-SDP-FULL-rep-01,M7-all5,SDP-FULL,1,production,60,no_completed_candidate,,,,,,,,,,,,,,,,,,,,
production-M7-all5-SDP-FULL-rep-01,M7-all5,SDP-FULL,1,production,300,no_completed_candidate,,,,,,,,,,,,,,,,,,,,
production-M7-all5-SDP-FULL-rep-01,M7-all5,SDP-FULL,1,production,900,no_completed_candidate,,,,,,,,,,,,,,,,,,,,
production-M7-all5-SDP-FULL-rep-01,M7-all5,SDP-FULL,1,production,1800,no_completed_candidate,,,,,,,,,,,,,,,,,,,,
production-M7-all5-SDP-FULL-rep-01,M7-all5,SDP-FULL,1,production,3600,verified,345659032063647/560000000000000,345659032063647,560000000000000,0.6172482715422268,8687,5662015,13051375,<repo>\.research-repro\section6-complete-20260911-01\jobs\production-M7-all5-SDP-FULL-rep-01\attempt-01\exact\final-svd\certificate.json,40297a0474728086bdf768514b30c644c8ffe34fceb2bec03da745cd6941ddfc,0b30750b12b1c98cf122cead4b5016c3d571671fe37a0898578eb9d97d620d36,svd,102.45240783691406,True,False,True,3404.219000000041,0.6172482548460474,3506.671407836955,,
production-M7-all5-SDP-CG-rep-01,M7-all5,SDP-CG,1,production,60,no_completed_candidate,,,,,,,,,,,,,,,,,,,,
production-M7-all5-SDP-CG-rep-01,M7-all5,SDP-CG,1,production,300,no_completed_candidate,,,,,,,,,,,,,,,,,,,,
production-M7-all5-SDP-CG-rep-01,M7-all5,SDP-CG,1,production,900,verified,2493688198023/2500000000000,2493688198023,2500000000000,0.9974752792092,331,83245,13051375,<repo>\.research-repro\section6-complete-20260911-01\jobs\production-M7-all5-SDP-CG-rep-01\attempt-02\exact\0900-svd\certificate.json,9ed753e8fc9f999cd765e314d32454b07198584dd7b98010074a77b64aebd463,fc64c65da6a2c8a9dd0c171f4e68bf248b05fbb07ff93df601b44d6d92f3fbcf,svd,86.3576226234436,True,False,False,334.7030000000086,0.9974753324476401,421.0606226234522,,
production-M7-all5-SDP-CG-rep-01,M7-all5,SDP-CG,1,production,1800,verified,374630485814057/420000000000000,374630485814057,420000000000000,0.8919773471763262,14783,9665240,13051375,<repo>\.research-repro\section6-complete-20260911-01\jobs\production-M7-all5-SDP-CG-rep-01\attempt-02\exact\1800-svd\certificate.json,128e0f05bf6cc3b0ed42a2178a3bf13cd338161f7c8743d33ec88cbbead352a8,6a2765f8d708519ba9563b60802799569ee39fae51149eacd3445463718eeb53,svd,112.46604061126709,True,False,False,1713.6870000000054,0.8919771930964203,1826.1530406112724,,
production-M7-all5-SDP-CG-rep-01,M7-all5,SDP-CG,1,production,3600,verified,16701450563937/28000000000000,16701450563937,28000000000000,0.5964803772834643,14836,9697497,13051375,<repo>\.research-repro\section6-complete-20260911-01\jobs\production-M7-all5-SDP-CG-rep-01\attempt-02\exact\final-svd\certificate.json,bf9869dbc0a21dc2a0730f220ad1b9ade74fbf912d896c89e4a59a72e4da1f9d,cf52f47ef2a874ac5e91d5019a3d08ed3cf8a2def804ee62ecc092980ea7264c,svd,113.45370268821716,True,False,True,2745.609000000026,0.5964804677634677,2859.062702688243,,
production-M7-no5-LP-CUT-rep-01,M7-no5,LP-CUT,1,production,60,verified,2057275616211/3500000000000,2057275616211,3500000000000,0.5877930332031429,10,1180,13051375,<repo>\.research-repro\section6-complete-20260911-01\jobs\production-M7-no5-LP-CUT-rep-01\attempt-03\exact\0060-svd\certificate.json,c8b3ce32388a6bfd6856535e32b7d572d1262f9099eacaa22ea926f7118e9dd6,54e30005fccf727b97b9f78898c963e4dc9ce4b19f335d71f3c3d4633bfcb029,svd,75.34619212150574,True,False,False,53.18699999997625,0.5877929854119661,128.533192121482,,
production-M7-no5-LP-CUT-rep-01,M7-no5,LP-CUT,1,production,300,verified,22702734283/40000000000,22702734283,40000000000,0.567568357075,64,7518,13051375,<repo>\.research-repro\section6-complete-20260911-01\jobs\production-M7-no5-LP-CUT-rep-01\attempt-03\exact\0300-svd\certificate.json,68ccf78124e2bc4e6c13eddf2f6120190cffaf749e6bebc0defd94b2ea49fc96,83c7cb785df77308e5de2aa766d773c06c0b24f3daf0e48d7e48973820960279,svd,74.32736229896545,True,False,False,298.03100000001723,0.5675677566374023,372.3583622989827,,
production-M7-no5-LP-CUT-rep-01,M7-no5,LP-CUT,1,production,900,verified,2258874346859/4000000000000,2258874346859,4000000000000,0.56471858671475,84,11432,13051375,<repo>\.research-repro\section6-complete-20260911-01\jobs\production-M7-no5-LP-CUT-rep-01\attempt-03\exact\0900-svd\certificate.json,36cce5c7b2161d90b24917ac25cb2a521295e8b00c577fdfda39afff7e7bfd35,1ac5be73c295d6113c6861d443ab639562a1a554772b7727fcb9a514706248f0,svd,74.31841206550598,True,False,False,762.625,0.5647183219969893,836.943412065506,,
production-M7-no5-LP-CUT-rep-01,M7-no5,LP-CUT,1,production,1800,verified,450349112691/800000000000,450349112691,800000000000,0.56293639086375,116,17259,13051375,<repo>\.research-repro\section6-complete-20260911-01\jobs\production-M7-no5-LP-CUT-rep-01\attempt-03\exact\1800-svd\certificate.json,292db61ef8d81ae1b5fa7150e1345692b2d49014f153ecc047b3766a2ea93593,70d0dda4edaf12aca1eecf76aba5124919a132020147e091aa680f4d8f396521,svd,74.32918953895569,True,False,False,1735.2029999999795,0.5629361448429575,1809.5321895389352,,
production-M7-no5-LP-CUT-rep-01,M7-no5,LP-CUT,1,production,3600,verified,1123714205267/2000000000000,1123714205267,2000000000000,0.5618571026335,138,22370,13051375,<repo>\.research-repro\section6-complete-20260911-01\jobs\production-M7-no5-LP-CUT-rep-01\attempt-03\exact\final-svd\certificate.json,8111e5c023c8a88890f0f02fdbf256e5cb6299736be686ccba3fbf5f6e5b9d73,f0b9724f8782fd59424a660bd759191d9d86d92341b77ffe9af0d7b7551b521e,svd,75.32346677780151,True,False,True,3402.140000000014,0.561856859459476,3477.4634667778155,,
production-M7-no5-SDP-CG-rep-01,M7-no5,SDP-CG,1,production,60,verified,997374709743/1000000000000,997374709743,1000000000000,0.997374709743,255,17751,13051375,<repo>\.research-repro\section6-complete-20260911-01\jobs\production-M7-no5-SDP-CG-rep-01\attempt-01\exact\0060-svd\certificate.json,f1093b44e4b3672c5f7bcb93a0167212fb7c0c610270c7c5f282a7ff0352e679,dd111ae24ba23bf6eafb81ad20337a2365f8345ac6c0cb8dcb5aa71d437a2e0c,svd,75.32253694534302,True,False,False,19.953000000008615,0.9973747650110438,95.27553694535163,,
production-M7-no5-SDP-CG-rep-01,M7-no5,SDP-CG,1,production,300,verified,997374709743/1000000000000,997374709743,1000000000000,0.997374709743,255,17751,13051375,<repo>\.research-repro\section6-complete-20260911-01\jobs\production-M7-no5-SDP-CG-rep-01\attempt-01\exact\0060-svd\certificate.json,f1093b44e4b3672c5f7bcb93a0167212fb7c0c610270c7c5f282a7ff0352e679,dd111ae24ba23bf6eafb81ad20337a2365f8345ac6c0cb8dcb5aa71d437a2e0c,svd,75.32253694534302,True,False,True,19.953000000008615,0.9973747650110438,95.27553694535163,,
production-M7-no5-SDP-CG-rep-01,M7-no5,SDP-CG,1,production,900,verified,106888941218993/168000000000000,106888941218993,168000000000000,0.6362436977321012,471,74065,13051375,<repo>\.research-repro\section6-complete-20260911-01\jobs\production-M7-no5-SDP-CG-rep-01\attempt-01\exact\0900-svd\certificate.json,46cfc93a413af9a6cd440f77946d9dc1738dd6b2c484bcf45caa183f207419d0,9889e717cc0b363ebe31ed513b28952cc44a15378bf2e3f7b5bbd68ec75138a3,svd,75.30120658874512,True,False,False,677.2339999999967,0.6362436347129169,752.5352065887419,,
production-M7-no5-SDP-CG-rep-01,M7-no5,SDP-CG,1,production,1800,verified,5732806539912449/10080000000000000,5732806539912449,10080000000000000,0.5687308075309969,492,78016,13051375,<repo>\.research-repro\section6-complete-20260911-01\jobs\production-M7-no5-SDP-CG-rep-01\attempt-01\exact\final-svd\certificate.json,138620842c9fc6f4ec468cb41844dc01bf91518f818d85fe3703cc0df76a76f0,115cdf88f68582d829f296b27190b75bd55a67c443773478edd7b4571d0b1d2c,svd,75.31479907035828,True,False,True,1660.6719999999914,0.5687308113429276,1735.9867990703497,,
production-M7-no5-SDP-CG-rep-01,M7-no5,SDP-CG,1,production,3600,verified,5732806539912449/10080000000000000,5732806539912449,10080000000000000,0.5687308075309969,492,78016,13051375,<repo>\.research-repro\section6-complete-20260911-01\jobs\production-M7-no5-SDP-CG-rep-01\attempt-01\exact\final-svd\certificate.json,138620842c9fc6f4ec468cb41844dc01bf91518f818d85fe3703cc0df76a76f0,115cdf88f68582d829f296b27190b75bd55a67c443773478edd7b4571d0b1d2c,svd,75.31479907035828,True,False,True,1660.6719999999914,0.5687308113429276,1735.9867990703497,,
production-M7-all5-LP-CUT-rep-01,M7-all5,LP-CUT,1,production,60,verified,8227139706683/14000000000000,8227139706683,14000000000000,0.5876528361916429,10,1247,13051375,<repo>\.research-repro\section6-complete-20260911-01\jobs\production-M7-all5-LP-CUT-rep-01\attempt-02\exact\0060-svd\certificate.json,552e96fae0cf22dd6d5b0fba45f1fba5ebda2045ca675652e2f748bcd36bcde8,97edece0fe71328135130f63ef7c010f51b3711360d1ba8f1f11744b3d09e8fe,svd,86.35546255111694,True,False,False,58.78200000000652,0.5876527757618704,145.13746255112346,,
production-M7-all5-LP-CUT-rep-01,M7-all5,LP-CUT,1,production,300,verified,476788933886513/840000000000000,476788933886513,840000000000000,0.5676058736744203,61,11123,13051375,<repo>\.research-repro\section6-complete-20260911-01\jobs\production-M7-all5-LP-CUT-rep-01\attempt-02\exact\0300-svd\certificate.json,ff8da33334fdde73b3ea829965cffb94971fb27765443ef29720bef917a3aa04,bd80c17edeee792824766bd7288a8ddbb6c0c4c70491b4931ab8ecc1924e085d,svd,87.36570310592651,True,False,False,263.8279999999795,0.5676058074827987,351.193703105906,,
production-M7-all5-LP-CUT-rep-01,M7-all5,LP-CUT,1,production,900,verified,2253647546769/4000000000000,2253647546769,4000000000000,0.56341188669225,118,29239,13051375,<repo>\.research-repro\section6-complete-20260911-01\jobs\production-M7-all5-LP-CUT-rep-01\attempt-02\exact\0900-svd\certificate.json,8397042dd14bda799f58293cf809b5d7e9d66a8dcfbe5ececcd3438c23837406,b1e93a4aee5f188889922801103f326b3ba16bb8a7e6e3558f679b6353150bf4,svd,86.35592293739319,True,False,False,788.625,0.5634116692492527,874.9809229373932,,
production-M7-all5-LP-CUT-rep-01,M7-all5,LP-CUT,1,production,1800,verified,47176532199943/84000000000000,47176532199943,84000000000000,0.5616253833326548,159,42024,13051375,<repo>\.research-repro\section6-complete-20260911-01\jobs\production-M7-all5-LP-CUT-rep-01\attempt-02\exact\1800-svd\certificate.json,99cfe576d3cc4d29ef16645abfbda2adba4e49a77d3f4bc81d382b15398eaed1,f9b2b4b88331aca5bae70f822131dec8803c932f55727fec3cc9934e9ad48ca3,svd,86.35447645187378,True,False,False,1776.9380000000237,0.5616252372451589,1863.2924764518975,,
production-M7-all5-LP-CUT-rep-01,M7-all5,LP-CUT,1,production,3600,verified,280227126239/500000000000,280227126239,500000000000,0.560454252478,219,66928,13051375,<repo>\.research-repro\section6-complete-20260911-01\jobs\production-M7-all5-LP-CUT-rep-01\attempt-02\exact\final-svd\certificate.json,9594475b66b6d90b169842636ebc40f96f5075efc2ae66684eada140bdf2ee1e,5630b5eb9159174a8becdd154681fc3e20f7874f81edb354196a1829cdec7daa,svd,86.36929821968079,True,False,True,3541.4220000000205,0.5604540309601829,3627.7912982197013,,
production-M7-all5-SDP-FULL-rep-02,M7-all5,SDP-FULL,2,production,60,no_completed_candidate,,,,,,,,,,,,,,,,,,,,
production-M7-all5-SDP-FULL-rep-02,M7-all5,SDP-FULL,2,production,300,no_completed_candidate,,,,,,,,,,,,,,,,,,,,
production-M7-all5-SDP-FULL-rep-02,M7-all5,SDP-FULL,2,production,900,no_completed_candidate,,,,,,,,,,,,,,,,,,,,
production-M7-all5-SDP-FULL-rep-02,M7-all5,SDP-FULL,2,production,1800,no_completed_candidate,,,,,,,,,,,,,,,,,,,,
production-M7-all5-SDP-FULL-rep-02,M7-all5,SDP-FULL,2,production,3600,verified,345646484884529/560000000000000,345646484884529,560000000000000,0.6172258658652303,8720,5685906,13051375,<repo>\.research-repro\section6-complete-20260911-01\jobs\production-M7-all5-SDP-FULL-rep-02\attempt-01\exact\final-svd\certificate.json,e83e0b9d51de3e2fd542c25293c2a196c51664e44fc5fd074b8c033f57072e9a,e669b0e9c04848de36218f89d8942490e5b642ae04bb1dde09d3c77306ac1c6a,svd,101.45204591751099,True,False,True,3404.25,0.6172258745463542,3505.702045917511,,
production-M7-all5-SDP-CG-rep-02,M7-all5,SDP-CG,2,production,60,no_completed_candidate,,,,,,,,,,,,,,,,,,,,
production-M7-all5-SDP-CG-rep-02,M7-all5,SDP-CG,2,production,300,no_completed_candidate,,,,,,,,,,,,,,,,,,,,
production-M7-all5-SDP-CG-rep-02,M7-all5,SDP-CG,2,production,900,verified,2493688198023/2500000000000,2493688198023,2500000000000,0.9974752792092,331,83245,13051375,<repo>\.research-repro\section6-complete-20260911-01\jobs\production-M7-all5-SDP-CG-rep-02\attempt-02\exact\0900-svd\certificate.json,9fb40b09f25e511d96168987176370062ab5decea0d3335d8db33c97df9b4bbe,5185045a043cd077ab006d7120aea9e5f0ffefbbf25d2b208c06910221fc9c63,svd,86.34487438201904,True,False,False,335.625,0.9974753324476401,421.96987438201904,,
production-M7-all5-SDP-CG-rep-02,M7-all5,SDP-CG,2,production,1800,verified,374630485814057/420000000000000,374630485814057,420000000000000,0.8919773471763262,14783,9665240,13051375,<repo>\.research-repro\section6-complete-20260911-01\jobs\production-M7-all5-SDP-CG-rep-02\attempt-02\exact\1800-svd\certificate.json,2e01154683055bc70a48d5fa1cdc83884e862d8f106bf9a6dc2e4d066967e4df,8b059947fe6c804400ce8a81adad7399067b9897602251492042ae4f5beb216b,svd,112.48064017295837,True,False,False,1714.2820000000065,0.8919771930964203,1826.762640172965,,
production-M7-all5-SDP-CG-rep-02,M7-all5,SDP-CG,2,production,3600,verified,16701450563937/28000000000000,16701450563937,28000000000000,0.5964803772834643,14836,9697497,13051375,<repo>\.research-repro\section6-complete-20260911-01\jobs\production-M7-all5-SDP-CG-rep-02\attempt-02\exact\final-svd\certificate.json,d02af051e54d38fef9376eb7166054a7d940638eeca3d7f5f53c16f374b609ee,c64c34d6951f7b3269b255ee017ceda0e77917f7ef591d61ec38929eaa500914,svd,112.45300030708313,True,False,True,2744.734999999986,0.5964804677634677,2857.188000307069,,
production-M7-no5-LP-CUT-rep-02,M7-no5,LP-CUT,2,production,60,verified,2057275616211/3500000000000,2057275616211,3500000000000,0.5877930332031429,10,1180,13051375,<repo>\.research-repro\section6-complete-20260911-01\jobs\production-M7-no5-LP-CUT-rep-02\attempt-03\exact\0060-svd\certificate.json,20e640a49760639db644ad55b855ac1beda325a4b0c441c664eba388d2a716a4,3029bc0cd634dbf4e6e0cf2398c89790d4ba2fe49478811c60068890a7120f69,svd,74.31934356689453,True,False,False,49.68699999997625,0.5877929854119661,124.00634356687078,,
production-M7-no5-LP-CUT-rep-02,M7-no5,LP-CUT,2,production,300,verified,22702734283/40000000000,22702734283,40000000000,0.567568357075,64,7518,13051375,<repo>\.research-repro\section6-complete-20260911-01\jobs\production-M7-no5-LP-CUT-rep-02\attempt-03\exact\0300-svd\certificate.json,66c8b6e3f30f34b62c1b5e84c01f4387aba0195471111f07a09dd56dc7f23717,18b5969cb16defe17b10347e67b301efd86ed093e0b4e8aaa6c06c04e4d8e1e7,svd,74.31215929985046,True,False,False,294.0929999999935,0.5675677566374023,368.40515929984394,,
production-M7-no5-LP-CUT-rep-02,M7-no5,LP-CUT,2,production,900,verified,2258874346859/4000000000000,2258874346859,4000000000000,0.56471858671475,84,11432,13051375,<repo>\.research-repro\section6-complete-20260911-01\jobs\production-M7-no5-LP-CUT-rep-02\attempt-03\exact\0900-svd\certificate.json,61c43d23cbc58de35f49b2d686618e1ec16421d4688326d40e0824c6029c6bee,0df342d3974906cd1d528682c0791b3158bf7fd6c31297296265b07c74c31f5c,svd,74.31550860404968,True,False,False,756.9679999999935,0.5647183219969893,831.2835086040432,,
production-M7-no5-LP-CUT-rep-02,M7-no5,LP-CUT,2,production,1800,verified,450349112691/800000000000,450349112691,800000000000,0.56293639086375,116,17259,13051375,<repo>\.research-repro\section6-complete-20260911-01\jobs\production-M7-no5-LP-CUT-rep-02\attempt-03\exact\1800-svd\certificate.json,3900e948a142d6f34ce9ebbfb86b63dabe379aa6e2b9363a9923a4c746d8a61e,c8dc94c13009dc6e184b2e3d589dee39b9ab5aca88f8d3aea9328160679df42d,svd,74.31399178504944,True,False,False,1727.3589999999967,0.5629361448429575,1801.6729917850462,,
production-M7-no5-LP-CUT-rep-02,M7-no5,LP-CUT,2,production,3600,verified,235954996449037/420000000000000,235954996449037,420000000000000,0.5617976105929452,139,22223,13051375,<repo>\.research-repro\section6-complete-20260911-01\jobs\production-M7-no5-LP-CUT-rep-02\attempt-03\exact\final-svd\certificate.json,e3784a28168f4cb5b6a2a9a91c09539d70267d82f1c2930f23d67a21f0c41cbc,09c1970c848b75d4ba0a1d90ff846956b042ea4377a012053a0126f9d8d71199,svd,74.32429051399231,True,False,True,3557.0929999999935,0.5617974714922686,3631.417290513986,,
production-M7-no5-SDP-CG-rep-02,M7-no5,SDP-CG,2,production,60,verified,997374709743/1000000000000,997374709743,1000000000000,0.997374709743,255,17751,13051375,<repo>\.research-repro\section6-complete-20260911-01\jobs\production-M7-no5-SDP-CG-rep-01\attempt-01\exact\0060-svd\certificate.json,f1093b44e4b3672c5f7bcb93a0167212fb7c0c610270c7c5f282a7ff0352e679,dd111ae24ba23bf6eafb81ad20337a2365f8345ac6c0cb8dcb5aa71d437a2e0c,svd,75.32253694534302,True,False,True,19.953000000008615,0.9973747650110438,95.27553694535163,,
production-M7-no5-SDP-CG-rep-02,M7-no5,SDP-CG,2,production,300,verified,997374709743/1000000000000,997374709743,1000000000000,0.997374709743,255,17751,13051375,<repo>\.research-repro\section6-complete-20260911-01\jobs\production-M7-no5-SDP-CG-rep-01\attempt-01\exact\0060-svd\certificate.json,f1093b44e4b3672c5f7bcb93a0167212fb7c0c610270c7c5f282a7ff0352e679,dd111ae24ba23bf6eafb81ad20337a2365f8345ac6c0cb8dcb5aa71d437a2e0c,svd,75.32253694534302,True,False,True,19.953000000008615,0.9973747650110438,95.27553694535163,,
production-M7-no5-SDP-CG-rep-02,M7-no5,SDP-CG,2,production,900,verified,106888941218993/168000000000000,106888941218993,168000000000000,0.6362436977321012,471,74065,13051375,<repo>\.research-repro\section6-complete-20260911-01\jobs\production-M7-no5-SDP-CG-rep-02\attempt-01\exact\0900-svd\certificate.json,d19c62cf405c162f2f17bc1330079344fb40a94a2a6fc8a722538e2b8678f423,c5f51874fbd054daed3e82a20bc5fc6016c31d6d79fcdddbf2a8578222d43721,svd,74.30000448226929,True,False,False,672.8440000000119,0.6362436347129169,747.1440044822812,,
production-M7-no5-SDP-CG-rep-02,M7-no5,SDP-CG,2,production,1800,verified,179189326544831/315000000000000,179189326544831,315000000000000,0.5688550049042254,492,78016,13051375,<repo>\.research-repro\section6-complete-20260911-01\jobs\production-M7-no5-SDP-CG-rep-02\attempt-01\exact\final-svd\certificate.json,e5d52e56b3318b4858c3c167765e07115cdc2a1b07e9c11d069cd8ab061f0d9d,33bffbb5e26c2cc55b26198b98e141ef748233faf77a795cf2fdb45cf2868a8e,svd,75.31111788749695,True,False,True,1624.2190000000119,0.5688549820302435,1699.5301178875088,,
production-M7-no5-SDP-CG-rep-02,M7-no5,SDP-CG,2,production,3600,verified,179189326544831/315000000000000,179189326544831,315000000000000,0.5688550049042254,492,78016,13051375,<repo>\.research-repro\section6-complete-20260911-01\jobs\production-M7-no5-SDP-CG-rep-02\attempt-01\exact\final-svd\certificate.json,e5d52e56b3318b4858c3c167765e07115cdc2a1b07e9c11d069cd8ab061f0d9d,33bffbb5e26c2cc55b26198b98e141ef748233faf77a795cf2fdb45cf2868a8e,svd,75.31111788749695,True,False,True,1624.2190000000119,0.5688549820302435,1699.5301178875088,,
production-M7-all5-LP-CUT-rep-02,M7-all5,LP-CUT,2,production,60,verified,8227139706683/14000000000000,8227139706683,14000000000000,0.5876528361916429,10,1247,13051375,<repo>\.research-repro\section6-complete-20260911-01\jobs\production-M7-all5-LP-CUT-rep-02\attempt-01\exact\0060-svd\certificate.json,5ea2a5a05aeae5fd0764cd06309a7b050aee1777c8d97ced0478835432b0430a,d5f01376a81aa90310d4a7f63591a1fd23fdd3da976a12b751288c0a260e07a5,svd,87.37009382247925,True,False,False,59.14100000000326,0.5876527757618704,146.5110938224825,,
production-M7-all5-LP-CUT-rep-02,M7-all5,LP-CUT,2,production,300,verified,476788933886513/840000000000000,476788933886513,840000000000000,0.5676058736744203,61,11123,13051375,<repo>\.research-repro\section6-complete-20260911-01\jobs\production-M7-all5-LP-CUT-rep-02\attempt-01\exact\0300-svd\certificate.json,a4af8a733104ae512c922babc4031ce8df612ec10f5c90cc3cd324c986000584,626feba6f66568fc0c7bfd133b0b22be45b41463a3c2ed07320c42b8d483076b,svd,86.3521077632904,True,False,False,264.844000000041,0.5676058074827987,351.1961077633314,,
production-M7-all5-LP-CUT-rep-02,M7-all5,LP-CUT,2,production,900,verified,2253647546769/4000000000000,2253647546769,4000000000000,0.56341188669225,118,29239,13051375,<repo>\.research-repro\section6-complete-20260911-01\jobs\production-M7-all5-LP-CUT-rep-02\attempt-01\exact\0900-svd\certificate.json,a721fe64ab7a54e8cd31137668c41c8b4056bcadf0d6e5024864ff995d70beab,7f0bfb2bc6e5eb4093d1016afb3054c9dbba8780533be93725361e05ecc68673,svd,86.34621953964233,True,False,False,793.7660000000033,0.5634116692492527,880.1122195396456,,
production-M7-all5-LP-CUT-rep-02,M7-all5,LP-CUT,2,production,1800,verified,47176532199943/84000000000000,47176532199943,84000000000000,0.5616253833326548,159,42024,13051375,<repo>\.research-repro\section6-complete-20260911-01\jobs\production-M7-all5-LP-CUT-rep-02\attempt-01\exact\1800-svd\certificate.json,735c8759d224e179df42040075c8961bee093ba16b6c97bc771c4bfecef28c2c,f4cb555010dda855e526fd788a3c7a65c6780c6634f15e7805398a7eea6d73d6,svd,86.35952162742615,True,False,False,1790.9380000000237,0.5616252372451589,1877.29752162745,,
production-M7-all5-LP-CUT-rep-02,M7-all5,LP-CUT,2,production,3600,verified,280227126239/500000000000,280227126239,500000000000,0.560454252478,219,66928,13051375,<repo>\.research-repro\section6-complete-20260911-01\jobs\production-M7-all5-LP-CUT-rep-02\attempt-01\exact\final-svd\certificate.json,d46d662459812cb1581604799f60a1200c580b822052326aca8b0eae7b4968e5,01f8b25084d03d39e545f546265a4699154697eb79d766ccb93482fb57869636,svd,86.36238598823547,True,False,True,3555.1410000000033,0.5604540309601829,3641.5033859882387,,
production-M7-no5-SDP-FULL-rep-02,M7-no5,SDP-FULL,2,production,60,no_completed_candidate,,,,,,,,,,,,,,,,,,,,
production-M7-no5-SDP-FULL-rep-02,M7-no5,SDP-FULL,2,production,300,no_completed_candidate,,,,,,,,,,,,,,,,,,,,
production-M7-no5-SDP-FULL-rep-02,M7-no5,SDP-FULL,2,production,900,no_completed_candidate,,,,,,,,,,,,,,,,,,,,
production-M7-no5-SDP-FULL-rep-02,M7-no5,SDP-FULL,2,production,1800,no_completed_candidate,,,,,,,,,,,,,,,,,,,,
production-M7-no5-SDP-FULL-rep-02,M7-no5,SDP-FULL,2,production,3600,verified,86174701163427/140000000000000,86174701163427,140000000000000,0.6155335797387643,339,49161,13051375,<repo>\.research-repro\section6-complete-20260911-01\jobs\production-M7-no5-SDP-FULL-rep-02\attempt-01\exact\final-svd\certificate.json,e136679d68cb1f651d0ea575b23a88d9221a333da316379a3609ffa1f60ebd46,1f121bc29bb7bd8f29f6f288369849526fc534ed18e49e7ca15fb694bd93d4b1,svd,74.32079696655273,True,False,True,3521.329000000027,0.6155335527261638,3595.6497969665797,,
production-M7-all5-SDP-CG-rep-03,M7-all5,SDP-CG,3,production,60,no_completed_candidate,,,,,,,,,,,,,,,,,,,,
production-M7-all5-SDP-CG-rep-03,M7-all5,SDP-CG,3,production,300,no_completed_candidate,,,,,,,,,,,,,,,,,,,,
production-M7-all5-SDP-CG-rep-03,M7-all5,SDP-CG,3,production,900,verified,2493688198023/2500000000000,2493688198023,2500000000000,0.9974752792092,331,83245,13051375,<repo>\.research-repro\section6-complete-20260911-01\jobs\production-M7-all5-SDP-CG-rep-03\attempt-02\exact\0900-svd\certificate.json,8209fd34641c5ef634852bb265d078a7be152f83b7662c15e3e6b9590337353b,65e8bdeed4c01bd79ea11002a1c23ca4cf1f8320538461db016e9f8978a29905,svd,87.39372730255127,True,False,False,335.51600000000326,0.9974753324476401,422.90972730255453,,
production-M7-all5-SDP-CG-rep-03,M7-all5,SDP-CG,3,production,1800,verified,374630485814057/420000000000000,374630485814057,420000000000000,0.8919773471763262,14783,9665240,13051375,<repo>\.research-repro\section6-complete-20260911-01\jobs\production-M7-all5-SDP-CG-rep-03\attempt-02\exact\1800-svd\certificate.json,6c5405faf1741d7fe95c44b8113affd6a96bfffffd81616fdedfb3e0a5256168,670dec5df988e2473998de9fa9ceb2cd4d761fa7c451ab407910a68f48854f33,svd,112.4709644317627,True,False,False,1711.359999999986,0.8919771930964203,1823.8309644317487,,
production-M7-all5-SDP-CG-rep-03,M7-all5,SDP-CG,3,production,3600,verified,16701450563937/28000000000000,16701450563937,28000000000000,0.5964803772834643,14836,9697497,13051375,<repo>\.research-repro\section6-complete-20260911-01\jobs\production-M7-all5-SDP-CG-rep-03\attempt-02\exact\final-svd\certificate.json,49dab588bc27fbe664e871845b04db88e6a6e2e796798ce903b11af9e5b4cedc,e3740e7a793d5c6e3e09ae17d7988039c5941dffdb8d45d84b0721d6b12aa00f,svd,112.45038342475891,True,False,True,2739.703999999998,0.5964804677634677,2852.154383424757,,
production-M7-no5-LP-CUT-rep-03,M7-no5,LP-CUT,3,production,60,verified,2057275616211/3500000000000,2057275616211,3500000000000,0.5877930332031429,10,1180,13051375,<repo>\.research-repro\section6-complete-20260911-01\jobs\production-M7-no5-LP-CUT-rep-03\attempt-02\exact\0060-svd\certificate.json,59b502e2e7aa6caa18434dca07655797587ce045f0e29a9326d7d7ae61356409,2f979f25843e50a2eaaf0445fbd649dfd1564481926c59dcf771c6007727d1ce,svd,74.3171739578247,True,False,False,46.59399999998277,0.5877929854119661,120.91117395780748,,
production-M7-no5-LP-CUT-rep-03,M7-no5,LP-CUT,3,production,300,verified,22702734283/40000000000,22702734283,40000000000,0.567568357075,64,7518,13051375,<repo>\.research-repro\section6-complete-20260911-01\jobs\production-M7-no5-LP-CUT-rep-03\attempt-02\exact\0300-svd\certificate.json,8302e328641f89167d4c59b3203d56451d55789addbbc5a9b16a1deef4b6f52b,732d7d2c27547a3a48451ab68140ec4b883f925b83deae19bf947208ceebd4f9,svd,74.31315922737122,True,False,False,287.85999999998603,0.5675677566374023,362.17315922735725,,
production-M7-no5-LP-CUT-rep-03,M7-no5,LP-CUT,3,production,900,verified,2258874346859/4000000000000,2258874346859,4000000000000,0.56471858671475,84,11432,13051375,<repo>\.research-repro\section6-complete-20260911-01\jobs\production-M7-no5-LP-CUT-rep-03\attempt-02\exact\0900-svd\certificate.json,c80c5a9a3d55c01059bb8b943cc89434f5baaf7afbecf378999c861974f5479d,28d9690c169f374a4b269d4f1a995e58e4aa05fb8584e743830595392d5ac795,svd,74.32672238349915,True,False,False,751.3910000000033,0.5647183219969893,825.7177223835024,,
production-M7-no5-LP-CUT-rep-03,M7-no5,LP-CUT,3,production,1800,verified,450349112691/800000000000,450349112691,800000000000,0.56293639086375,116,17259,13051375,<repo>\.research-repro\section6-complete-20260911-01\jobs\production-M7-no5-LP-CUT-rep-03\attempt-02\exact\1800-svd\certificate.json,f1066547c9e66d1f758cc055f47d65cd377e866372b3d8ded6fd626e918054e4,100c87b10a41e154ce8d2f5d7759a3063edb2633a70294fd9437c74e12edfc1d,svd,74.31599044799805,True,False,False,1722.875,0.5629361448429575,1797.190990447998,,
production-M7-no5-LP-CUT-rep-03,M7-no5,LP-CUT,3,production,3600,verified,235954996449037/420000000000000,235954996449037,420000000000000,0.5617976105929452,139,22223,13051375,<repo>\.research-repro\section6-complete-20260911-01\jobs\production-M7-no5-LP-CUT-rep-03\attempt-02\exact\final-svd\certificate.json,44ef47c690b6cd99322fbc6acdd280096e8971264e3482ac6ad62f03f2d076d1,95ad938a976a4053516821f4686a292389c2b9917ef2d07ee46a39518190a2bb,svd,75.31561398506165,True,False,True,3551.359999999986,0.5617974714922686,3626.6756139850477,,
production-M7-no5-SDP-CG-rep-03,M7-no5,SDP-CG,3,production,60,verified,997374709743/1000000000000,997374709743,1000000000000,0.997374709743,255,17751,13051375,<repo>\.research-repro\section6-complete-20260911-01\jobs\production-M7-no5-SDP-CG-rep-03\attempt-01\exact\0060-svd\certificate.json,b433e4a99c70895a2373edacba46eeb9a436b15a2be8e8fb717b80d645069ef5,8191aac4397d3e6228740bd9c5cfdaacf2e18ddf0c0d7801451ae2ff62016da4,svd,75.31653380393982,True,False,False,19.812000000005355,0.9973747650110438,95.12853380394517,,
production-M7-no5-SDP-CG-rep-03,M7-no5,SDP-CG,3,production,300,verified,997374709743/1000000000000,997374709743,1000000000000,0.997374709743,255,17751,13051375,<repo>\.research-repro\section6-complete-20260911-01\jobs\production-M7-no5-SDP-CG-rep-03\attempt-01\exact\0060-svd\certificate.json,b433e4a99c70895a2373edacba46eeb9a436b15a2be8e8fb717b80d645069ef5,8191aac4397d3e6228740bd9c5cfdaacf2e18ddf0c0d7801451ae2ff62016da4,svd,75.31653380393982,True,False,True,19.812000000005355,0.9973747650110438,95.12853380394517,,
production-M7-no5-SDP-CG-rep-03,M7-no5,SDP-CG,3,production,900,verified,88513197928591/140000000000000,88513197928591,140000000000000,0.6322371280613643,479,75306,13051375,<repo>\.research-repro\section6-complete-20260911-01\jobs\production-M7-no5-SDP-CG-rep-03\attempt-01\exact\0900-svd\certificate.json,01426887dcf287496a62409b5432628dd7e6206196ed4f2cf5a32957e02f5e9c,ac7cfc0f3e15dd11f722a45c28c096a5b10d0e9f2dc7e0c35c7eec51501bf4e5,svd,75.32143425941467,True,False,False,652.7960000000021,0.6322372187359144,728.1174342594168,,
production-M7-no5-SDP-CG-rep-03,M7-no5,SDP-CG,3,production,1800,verified,497703794751/875000000000,497703794751,875000000000,0.5688043368582857,495,78208,13051375,<repo>\.research-repro\section6-complete-20260911-01\jobs\production-M7-no5-SDP-CG-rep-03\attempt-01\exact\final-svd\certificate.json,40698420b9d93c0e5df01b1d1f1b779c29863f28929fc6f4ef84763c64be37f3,d2188367a845fd02028cb3999287eba1cd2d34704b922834f330a29fcb5956d7,svd,75.31733822822571,True,False,True,1614.265000000014,0.5688043880940857,1689.5823382282397,,
production-M7-no5-SDP-CG-rep-03,M7-no5,SDP-CG,3,production,3600,verified,497703794751/875000000000,497703794751,875000000000,0.5688043368582857,495,78208,13051375,<repo>\.research-repro\section6-complete-20260911-01\jobs\production-M7-no5-SDP-CG-rep-03\attempt-01\exact\final-svd\certificate.json,40698420b9d93c0e5df01b1d1f1b779c29863f28929fc6f4ef84763c64be37f3,d2188367a845fd02028cb3999287eba1cd2d34704b922834f330a29fcb5956d7,svd,75.31733822822571,True,False,True,1614.265000000014,0.5688043880940857,1689.5823382282397,,
production-M7-all5-LP-CUT-rep-03,M7-all5,LP-CUT,3,production,60,verified,8227139706683/14000000000000,8227139706683,14000000000000,0.5876528361916429,10,1247,13051375,<repo>\.research-repro\section6-complete-20260911-01\jobs\production-M7-all5-LP-CUT-rep-03\attempt-01\exact\0060-svd\certificate.json,f7ba44397cc91768699ec57ee34b8573029e4d95c8b1ae92e36c6d57e33f7ccd,14853ad753ea0f19f3ce825dec499324b98fee7c79fde7028df031893ebfaf89,svd,86.36022186279297,True,False,False,59.0,0.5876527757618704,145.36022186279297,,
production-M7-all5-LP-CUT-rep-03,M7-all5,LP-CUT,3,production,300,verified,476788933886513/840000000000000,476788933886513,840000000000000,0.5676058736744203,61,11123,13051375,<repo>\.research-repro\section6-complete-20260911-01\jobs\production-M7-all5-LP-CUT-rep-03\attempt-01\exact\0300-svd\certificate.json,8c490d54c4b50ebe8598efa2474e2d318744a70f8788b0255d90830d224418a1,d34e115e74b684ba0bd8618cbc96ffa02c468f9c345547ca54119706275b4da5,svd,86.36069202423096,True,False,False,264.2030000000377,0.5676058074827987,350.5636920242687,,
production-M7-all5-LP-CUT-rep-03,M7-all5,LP-CUT,3,production,900,verified,2253647546769/4000000000000,2253647546769,4000000000000,0.56341188669225,118,29239,13051375,<repo>\.research-repro\section6-complete-20260911-01\jobs\production-M7-all5-LP-CUT-rep-03\attempt-01\exact\0900-svd\certificate.json,4a7ef6a5080ce80939bd2c096480f798b2a4866a76d2cf40a271f71122b88067,9809efe3b542be9a95043a916fbf6f93e934df25dd96f1e3be2de318c7690eab,svd,86.3660159111023,True,False,False,792.5470000000205,0.5634116692492527,878.9130159111228,,
production-M7-all5-LP-CUT-rep-03,M7-all5,LP-CUT,3,production,1800,verified,47176532199943/84000000000000,47176532199943,84000000000000,0.5616253833326548,159,42024,13051375,<repo>\.research-repro\section6-complete-20260911-01\jobs\production-M7-all5-LP-CUT-rep-03\attempt-01\exact\1800-svd\certificate.json,beace6c15015dde45b9f93553c41ac71b0e493cdc17b4131299d554c2e093eee,b745e52159e5966ef001832c29f697956881b9fe0c5d78eab82b224bd8f587e6,svd,86.38659691810608,True,False,False,1779.0,0.5616252372451589,1865.386596918106,,
production-M7-all5-LP-CUT-rep-03,M7-all5,LP-CUT,3,production,3600,verified,280227126239/500000000000,280227126239,500000000000,0.560454252478,219,66928,13051375,<repo>\.research-repro\section6-complete-20260911-01\jobs\production-M7-all5-LP-CUT-rep-03\attempt-01\exact\final-svd\certificate.json,a3b5ce874ae454b07b906fd27e31bccd3f9e6e6cb8a2c24b3e1e6536a056379b,d2f841dca538958e89900f1b52ec39839a18b8714377897ca813356639eaaefe,svd,86.35627579689026,True,False,True,3541.5630000000237,0.5604540309601829,3627.919275796914,,
production-M7-no5-SDP-FULL-rep-03,M7-no5,SDP-FULL,3,production,60,no_completed_candidate,,,,,,,,,,,,,,,,,,,,
production-M7-no5-SDP-FULL-rep-03,M7-no5,SDP-FULL,3,production,300,no_completed_candidate,,,,,,,,,,,,,,,,,,,,
production-M7-no5-SDP-FULL-rep-03,M7-no5,SDP-FULL,3,production,900,no_completed_candidate,,,,,,,,,,,,,,,,,,,,
production-M7-no5-SDP-FULL-rep-03,M7-no5,SDP-FULL,3,production,1800,no_completed_candidate,,,,,,,,,,,,,,,,,,,,
production-M7-no5-SDP-FULL-rep-03,M7-no5,SDP-FULL,3,production,3600,verified,13075838789243/20000000000000,13075838789243,20000000000000,0.65379193946215,337,49019,13051375,<repo>\.research-repro\section6-complete-20260911-01\jobs\production-M7-no5-SDP-FULL-rep-03\attempt-01\exact\final-svd\certificate.json,3e8429da2a0b0758434ad393bb6d46ecf279439850a8765a03503d662b8d2b48,c994dcea7467197766e857be1090f1130b33a225c3491e6e8469dcf4840351bb,svd,75.31495952606201,True,False,True,3548.1869999999763,0.6537920201339675,3623.5019595260383,,
production-M7-all5-SDP-FULL-rep-03,M7-all5,SDP-FULL,3,production,60,no_completed_candidate,,,,,,,,,,,,,,,,,,,,
production-M7-all5-SDP-FULL-rep-03,M7-all5,SDP-FULL,3,production,300,no_completed_candidate,,,,,,,,,,,,,,,,,,,,
production-M7-all5-SDP-FULL-rep-03,M7-all5,SDP-FULL,3,production,900,no_completed_candidate,,,,,,,,,,,,,,,,,,,,
production-M7-all5-SDP-FULL-rep-03,M7-all5,SDP-FULL,3,production,1800,no_completed_candidate,,,,,,,,,,,,,,,,,,,,
production-M7-all5-SDP-FULL-rep-03,M7-all5,SDP-FULL,3,production,3600,verified,345659032063647/560000000000000,345659032063647,560000000000000,0.6172482715422268,8687,5662015,13051375,<repo>\.research-repro\section6-complete-20260911-01\jobs\production-M7-all5-SDP-FULL-rep-03\attempt-01\exact\final-svd\certificate.json,5c06d093ace544dd4a4e2f4fb641235564aae96d39f297514cd737bb70edb099,3a55f1ab629c951d9a437a758ce7546f3279c40a9b1edc37430ce5c7b19f1650,svd,104.50706028938293,True,False,True,3382.25,0.6172482548460474,3486.757060289383,,
long-M7-no5-LP-CUT-CG,M7-no5,LP-CUT-CG,1,long,60,verified,1175586069791/2000000000000,1175586069791,2000000000000,0.5877930348955,10,1180,13051375,<repo>\.research-repro\section6-complete-20260911-01\jobs\long-M7-no5-LP-CUT-CG\attempt-01\exact\0060-svd\certificate.json,842f7983dd85f086ac6d2de6f6520f410f15574ce826e1cd3a8e5e97105df4b6,9216b0732064739364a8156d40e426a62d1d4256591749a5b2dbd9c2afb6dda8,svd,75.29853367805481,True,False,False,46.60999999998603,0.5877929854119586,121.90853367804084,,
long-M7-no5-LP-CUT-CG,M7-no5,LP-CUT-CG,1,long,300,verified,31534305504571/56000000000000,31534305504571,56000000000000,0.5631125982959108,132,21382,13051375,<repo>\.research-repro\section6-complete-20260911-01\jobs\long-M7-no5-LP-CUT-CG\attempt-01\exact\0300-svd\certificate.json,7d52ea108ecb026fcec7f7d3489303db8cc82974f0af01568ec1cbddfb93d0db,b9f3912ebba8ddcaa741f4acc6d6badb01ca5acd3faab7c144d85ff8ecc8b3ba,svd,75.3141074180603,True,False,False,272.9070000000065,0.5631125345030012,348.2211074180668,,
long-M7-no5-LP-CUT-CG,M7-no5,LP-CUT-CG,1,long,900,verified,3362112374237/6000000000000,3362112374237,6000000000000,0.5603520623728333,299,55011,13051375,<repo>\.research-repro\section6-complete-20260911-01\jobs\long-M7-no5-LP-CUT-CG\attempt-01\exact\0900-svd\certificate.json,559b05e6097c8730c800a9e0a9e1284349c3a1dfe0ca4b0c88f7c941c924b0c7,31b4bd39e44038f1b8f154d69e59b420ddd808b5921c030a1632703584b773a9,svd,74.2904920578003,True,False,False,893.4379999999946,0.5603519470440909,967.7284920577949,,
long-M7-no5-LP-CUT-CG,M7-no5,LP-CUT-CG,1,long,14400,verified,39125299650093/70000000000000,39125299650093,70000000000000,0.5589328521441858,441,91499,13051375,<repo>\.research-repro\section6-complete-20260911-01\jobs\long-M7-no5-LP-CUT-CG\attempt-01\exact\14400-svd\certificate.json,62430041a97742ee41e0b19a1c665a900ea03e4ff52c59c56c8110cb5bddde60,aa7844b084cfa2ce47c83f4d41684615698bf643d1e86051926851993db42229,svd,75.29318642616272,True,False,False,14393.953999999998,0.5589319986051331,14469.24718642616,,
long-M7-no5-LP-CUT-CG,M7-no5,LP-CUT-CG,1,long,1800,verified,313394698062981/560000000000000,313394698062981,560000000000000,0.5596333893981803,364,68667,13051375,<repo>\.research-repro\section6-complete-20260911-01\jobs\long-M7-no5-LP-CUT-CG\attempt-01\exact\1800-svd\certificate.json,5a2fbe71745a78862fcb0eb2cdf35e883b7fd10cde75b8bba9d377ca9e59459c,998cb6c635bcf8af1e8dcdf73a7b35f29d5e43e26b8977ccc86c54d47a00d767,svd,75.33681201934814,True,False,False,1797.109999999986,0.5596331111182267,1872.4468120193342,,
long-M7-no5-LP-CUT-CG,M7-no5,LP-CUT-CG,1,long,21600,verified,93898077539659/168000000000000,93898077539659,168000000000000,0.5589171282122559,437,90661,13051375,<repo>\.research-repro\section6-complete-20260911-01\jobs\long-M7-no5-LP-CUT-CG\attempt-01\exact\final-svd\certificate.json,3e5dcea84c8dfc748010b97d154ca882512ccbb0bb32034e95786b1aaa9c1991,97e640b77a6b3e86b93cc7df69e41e10f18cdcceff2afcea17bab34a4f1eb328,svd,76.32331204414368,True,False,True,21595.953999999998,0.5589162665045828,21672.27731204414,,
long-M7-no5-LP-CUT-CG,M7-no5,LP-CUT-CG,1,long,3600,verified,15657870035573/28000000000000,15657870035573,28000000000000,0.5592096441276071,447,88873,13051375,<repo>\.research-repro\section6-complete-20260911-01\jobs\long-M7-no5-LP-CUT-CG\attempt-01\exact\3600-svd\certificate.json,a8a61d790ba8e5f49749fc39a38001dd572e3e7033bc3b49d5f91b277797afa2,77086cb711f30e628498d22242af56f8c195b16346ce41b39365e5417219cffa,svd,74.28334140777588,True,False,False,3594.453999999998,0.5592090054735908,3668.737341407774,,
long-M7-no5-LP-CUT-CG,M7-no5,LP-CUT-CG,1,long,7200,verified,16770624054557/30000000000000,16770624054557,30000000000000,0.5590208018185666,466,94069,13051375,<repo>\.research-repro\section6-complete-20260911-01\jobs\long-M7-no5-LP-CUT-CG\attempt-01\exact\7200-svd\certificate.json,5d1a77f3c0189a7dad116aca4b94519fc7043e521154a2390d75358761f0fd55,d9d129c7aeee6ec5436510b74ebd9fb8dd0f009bf3d811c4895cc117c2e962c2,svd,75.30189442634583,True,False,False,7166.562999999995,0.5590202540149799,7241.8648944263405,,
long-M7-all5-LP-CUT-CG,M7-all5,LP-CUT-CG,1,long,60,verified,2350611379981/4000000000000,2350611379981,4000000000000,0.58765284499525,10,1247,13051375,<repo>\.research-repro\section6-complete-20260911-01\jobs\long-M7-all5-LP-CUT-CG\attempt-02\exact\0060-svd\certificate.json,2a720f271270e8c8afc97d31e2b2d59df665973ede538cd52d51b92c2ea6aecd,6b7381bd526cb5ab3b5f2cadbe20634abb437b797454ed0b7685615044a99ee7,svd,86.35301661491394,True,False,False,59.96899999998277,0.5876527757618477,146.3220166148967,,
long-M7-all5-LP-CUT-CG,M7-all5,LP-CUT-CG,1,long,300,verified,47422731142109/84000000000000,47422731142109,84000000000000,0.5645563231203452,114,27044,13051375,<repo>\.research-repro\section6-complete-20260911-01\jobs\long-M7-all5-LP-CUT-CG\attempt-02\exact\0300-svd\certificate.json,b7406d9cd74c38895eb0a197fc8f0ef550475ccb726d1b50c6e523637d7a1dc1,e0bfd89342edabbf1efb0d1ef72605fd22138410ebdd873f4fa8a1250d3965fd,svd,86.36229085922241,True,False,False,291.26599999997416,0.5645563359688666,377.62829085919657,,
long-M7-all5-LP-CUT-CG,M7-all5,LP-CUT-CG,1,long,900,verified,235339380364553/420000000000000,235339380364553,420000000000000,0.5603318580108405,260,78541,13051375,<repo>\.research-repro\section6-complete-20260911-01\jobs\long-M7-all5-LP-CUT-CG\attempt-02\exact\0900-svd\certificate.json,924c9985fde8772a1e31b20e2625a36cad323640325193a0db404c8d195a3f6a,9956e6e152c32f7088dbfc4a4199f6d5f101a1858bf024adc257e4a67d6dd8df,svd,86.36821389198303,True,False,False,873.5,0.5603317622493664,959.868213891983,,
long-M7-all5-LP-CUT-CG,M7-all5,LP-CUT-CG,1,long,14400,verified,281153795222569/504000000000000,281153795222569,504000000000000,0.5578448317908115,824,349921,13051375,<repo>\.research-repro\section6-complete-20260911-01\jobs\long-M7-all5-LP-CUT-CG\attempt-02\exact\14400-svd\certificate.json,7ee3b7db33c1b2cfdf8a9ae5cde86f07bb16439940adc164fefdc6183ae231e9,c85162b344cf5b91f2fce11a5b5ae7ab3f5a4ae110b789da22cb8c3c04df59c9,svd,89.36561393737793,True,False,False,14390.437999999995,0.5578445995426671,14479.803613937373,,
long-M7-all5-LP-CUT-CG,M7-all5,LP-CUT-CG,1,long,1800,verified,1118421126769/2000000000000,1118421126769,2000000000000,0.5592105633845,402,140551,13051375,<repo>\.research-repro\section6-complete-20260911-01\jobs\long-M7-all5-LP-CUT-CG\attempt-02\exact\1800-svd\certificate.json,66b7ba30ec91d4e8b86abf82ca560842c027d27f640ba2f5c0b9d2b3ea1b8d9c,6a6520e5c6c3fcea24408e56f92da4d9a48afa7cf358f4f1ebbc17e67b593683,svd,86.39149212837219,True,False,False,1783.3439999999828,0.5592104343955249,1869.735492128355,,
long-M7-all5-LP-CUT-CG,M7-all5,LP-CUT-CG,1,long,21600,verified,312372062889819/560000000000000,312372062889819,560000000000000,0.5578072551603911,794,333260,13051375,<repo>\.research-repro\section6-complete-20260911-01\jobs\long-M7-all5-LP-CUT-CG\attempt-02\exact\final-svd\certificate.json,54b6247947032819811a5d1fc04cfe1fabd509da04cfc17f5b1eb201ed38fd13,1ba7801fe03d5d4a7597ed621a1d88940aaacf8d82c74278b00a6aef827961ad,svd,87.37112212181091,True,False,True,21541.32799999998,0.5578070021169798,21628.69912212179,,
long-M7-all5-LP-CUT-CG,M7-all5,LP-CUT-CG,1,long,3600,verified,9773183281611/17500000000000,9773183281611,17500000000000,0.5584676160920572,542,209464,13051375,<repo>\.research-repro\section6-complete-20260911-01\jobs\long-M7-all5-LP-CUT-CG\attempt-02\exact\3600-svd\certificate.json,d801cf5bd95c5c28e98f9186dedf74fa26929fcd3c0942764fd1ff3fb7a16402,22c513a17f04532380c321108dcc3dd5f9262f4e68023f0b6b5dbc35e016ce02,svd,86.3668200969696,True,False,False,3598.9219999999914,0.5584675148512328,3685.288820096961,,
long-M7-all5-LP-CUT-CG,M7-all5,LP-CUT-CG,1,long,7200,verified,23438967366781/42000000000000,23438967366781,42000000000000,0.5580706515900238,695,297574,13051375,<repo>\.research-repro\section6-complete-20260911-01\jobs\long-M7-all5-LP-CUT-CG\attempt-02\exact\7200-svd\certificate.json,bca6ddc8765bb773cd6c206c653394f748851e64b172be400c1873f2e83f0570,49fa22f8447747872d749b3c333a7daeaf6b87536393b4076dfe6fb4c19155d5,svd,87.37419939041138,True,False,False,7118.030999999988,0.5580700074112849,7205.4051993903995,,
long-M6-SDP-FULL,M6,SDP-FULL,1,long,60,no_completed_candidate,,,,,,,,,,,,,,,,,,,,
long-M6-SDP-FULL,M6,SDP-FULL,1,long,300,no_completed_candidate,,,,,,,,,,,,,,,,,,,,
long-M6-SDP-FULL,M6,SDP-FULL,1,long,900,no_completed_candidate,,,,,,,,,,,,,,,,,,,,
long-M6-SDP-FULL,M6,SDP-FULL,1,long,14400,no_completed_candidate,,,,,,,,,,,,,,,,,,,,
long-M6-SDP-FULL,M6,SDP-FULL,1,long,1800,no_completed_candidate,,,,,,,,,,,,,,,,,,,,
long-M6-SDP-FULL,M6,SDP-FULL,1,long,21600,verified,16849596538693/30000000000000,16849596538693,30000000000000,0.5616532179564333,80,3697,964,<repo>\.research-repro\section6-complete-20260911-01\jobs\long-M6-SDP-FULL\attempt-01\exact\final-svd\certificate.json,df5bafa4f9e082b390221543c41df0ccf7b0475e5dca636cb9f77383d6dc506d,09d14421f033dd1df4dba78d04d55babdb5c343be429b41c21997193c8d2c989,svd,2.0296895503997803,True,False,True,21595.233999999997,0.5616528227267794,21597.263689550397,,
long-M6-SDP-FULL,M6,SDP-FULL,1,long,3600,no_completed_candidate,,,,,,,,,,,,,,,,,,,,
long-M6-SDP-FULL,M6,SDP-FULL,1,long,7200,no_completed_candidate,,,,,,,,,,,,,,,,,,,,
,M7-no5,LP-CUT-CG,1,production,60,verified,1175586069791/2000000000000,,,0.5877930348955,,,,,,,,,,,,46.17199999999866,0.5877929854119586,,,
,M7-no5,LP-CUT-CG,1,production,300,verified,15756118136289/28000000000000,,,0.5627185048674643,,,,,,,,,,,,298.375,0.5627183561692393,,,
,M7-no5,LP-CUT-CG,1,production,900,verified,3362112374237/6000000000000,,,0.5603520623728333,,,,,,,,,,,,883.875,0.5603519470440909,,,
,M7-no5,LP-CUT-CG,1,production,1800,verified,313394698062981/560000000000000,,,0.5596333893981803,,,,,,,,,,,,1781.0469999999987,0.5596331111182267,,,
,M7-no5,LP-CUT-CG,1,production,3600,verified,15657870035573/28000000000000,,,0.5592096441276071,,,,,,,,,,,,3564.515999999996,0.5592090054735908,,,
,M7-no5,LP-CUT-CG,2,production,60,verified,1175586069791/2000000000000,,,0.5877930348955,,,,,,,,,,,,46.125,0.5877929854119586,,,
,M7-no5,LP-CUT-CG,2,production,300,verified,15756118136289/28000000000000,,,0.5627185048674643,,,,,,,,,,,,298.5939999999973,0.5627183561692393,,,
,M7-no5,LP-CUT-CG,2,production,900,verified,3362112374237/6000000000000,,,0.5603520623728333,,,,,,,,,,,,884.7350000000006,0.5603519470440909,,,
,M7-no5,LP-CUT-CG,2,production,1800,verified,313394698062981/560000000000000,,,0.5596333893981803,,,,,,,,,,,,1782.1100000000006,0.5596331111182267,,,
,M7-no5,LP-CUT-CG,2,production,3600,verified,15657870035573/28000000000000,,,0.5592096441276071,,,,,,,,,,,,3565.3439999999973,0.5592090054735908,,,
,M7-no5,LP-CUT-CG,3,production,60,verified,1175586069791/2000000000000,,,0.5877930348955,,,,,,,,,,,,46.25,0.5877929854119586,,,
,M7-no5,LP-CUT-CG,3,production,300,verified,15756118136289/28000000000000,,,0.5627185048674643,,,,,,,,,,,,299.81299999999464,0.5627183561692393,,,
,M7-no5,LP-CUT-CG,3,production,900,verified,3362112374237/6000000000000,,,0.5603520623728333,,,,,,,,,,,,887.5939999999973,0.5603519470440909,,,
,M7-no5,LP-CUT-CG,3,production,1800,verified,313394698062981/560000000000000,,,0.5596333893981803,,,,,,,,,,,,1786.0939999999973,0.5596331111182267,,,
,M7-no5,LP-CUT-CG,3,production,3600,verified,15657870035573/28000000000000,,,0.5592096441276071,,,,,,,,,,,,3572.702999999994,0.5592090054735908,,,
,M7-all5,LP-CUT-CG,1,production,60,verified,2350611379981/4000000000000,,,0.58765284499525,,,,,,,,,,,,59.84399999999732,0.5876527757618477,,,
,M7-all5,LP-CUT-CG,1,production,300,verified,47422731142109/84000000000000,,,0.5645563231203452,,,,,,,,,,,,290.2350000000006,0.5645563359688666,,,
,M7-all5,LP-CUT-CG,1,production,900,verified,33613753861547/60000000000000,,,0.5602292310257834,,,,,,,,,,,,899.4069999999992,0.5602291263894479,,,
,M7-all5,LP-CUT-CG,1,production,1800,verified,1118421126769/2000000000000,,,0.5592105633845,,,,,,,,,,,,1778.515999999996,0.5592104343955249,,,
,M7-all5,LP-CUT-CG,1,production,3600,verified,2234325581463/4000000000000,,,0.55858139536575,,,,,,,,,,,,3154.578999999998,0.5585812650983154,,,
,M7-all5,LP-CUT-CG,2,production,60,verified,2350611379981/4000000000000,,,0.58765284499525,,,,,,,,,,,,59.71800000000076,0.5876527757618477,,,
,M7-all5,LP-CUT-CG,2,production,300,verified,47422731142109/84000000000000,,,0.5645563231203452,,,,,,,,,,,,289.4369999999981,0.5645563359688666,,,
,M7-all5,LP-CUT-CG,2,production,900,verified,33613753861547/60000000000000,,,0.5602292310257834,,,,,,,,,,,,897.0780000000013,0.5602291263894479,,,
,M7-all5,LP-CUT-CG,2,production,1800,verified,1118421126769/2000000000000,,,0.5592105633845,,,,,,,,,,,,1774.5310000000027,0.5592104343955249,,,
,M7-all5,LP-CUT-CG,2,production,3600,verified,2234325581463/4000000000000,,,0.55858139536575,,,,,,,,,,,,3148.0620000000054,0.5585812650983154,,,
,M7-all5,LP-CUT-CG,3,production,60,verified,167333994965327/280000000000000,,,0.5976214105904536,,,,,,,,,,,,48.23500000000058,0.5976213897340797,,,
,M7-all5,LP-CUT-CG,3,production,300,verified,47422731142109/84000000000000,,,0.5645563231203452,,,,,,,,,,,,291.56299999999464,0.5645563359688666,,,
,M7-all5,LP-CUT-CG,3,production,900,verified,235339380364553/420000000000000,,,0.5603318580108405,,,,,,,,,,,,871.9689999999973,0.5603317622493664,,,
,M7-all5,LP-CUT-CG,3,production,1800,verified,1118421126769/2000000000000,,,0.5592105633845,,,,,,,,,,,,1778.5939999999973,0.5592104343955249,,,
,M7-all5,LP-CUT-CG,3,production,3600,verified,2234325581463/4000000000000,,,0.55858139536575,,,,,,,,,,,,3150.375,0.5585812650983154,,,
,M6,SDP-FULL,1,production,60,no_completed_candidate,,,,,,,,,,,,,,,,,,,,
,M6,SDP-FULL,1,production,300,no_completed_candidate,,,,,,,,,,,,,,,,,,,,
,M6,SDP-FULL,1,production,900,no_completed_candidate,,,,,,,,,,,,,,,,,,,,
,M6,SDP-FULL,1,production,1800,no_completed_candidate,,,,,,,,,,,,,,,,,,,,
,M6,SDP-FULL,1,production,3600,verified,2246662340943/4000000000000,,,0.56166558523575,82,,,<repo>\.research-repro\section6-remaining-20260910-01\runs\M6\SDP-FULL\rep-01\exact\final-svd\certificate.json,9615567460a5c478f4d2b50bb4698a9a4d52e01e518425adf31c98fa0180e0fa,,,,,,,2163.4850000000006,0.5616653842139253,,2246662340943/4000000000000,0.56166558523575
,M6,SDP-FULL,2,production,60,no_completed_candidate,,,,,,,,,,,,,,,,,,,,
,M6,SDP-FULL,2,production,300,no_completed_candidate,,,,,,,,,,,,,,,,,,,,
,M6,SDP-FULL,2,production,900,no_completed_candidate,,,,,,,,,,,,,,,,,,,,
,M6,SDP-FULL,2,production,1800,no_completed_candidate,,,,,,,,,,,,,,,,,,,,
,M6,SDP-FULL,2,production,3600,verified,2246662340943/4000000000000,,,0.56166558523575,82,,,<repo>\.research-repro\section6-remaining-20260910-01\runs\M6\SDP-FULL\rep-02\exact\final-svd\certificate.json,d4a92c9d26d2c5fa20c734d4054ef3107f4943a5be6dc669342d10638994aa75,,,,,,,2089.4060000000027,0.5616653842139253,,2246662340943/4000000000000,0.56166558523575
,M6,SDP-FULL,3,production,60,no_completed_candidate,,,,,,,,,,,,,,,,,,,,
,M6,SDP-FULL,3,production,300,no_completed_candidate,,,,,,,,,,,,,,,,,,,,
,M6,SDP-FULL,3,production,900,no_completed_candidate,,,,,,,,,,,,,,,,,,,,
,M6,SDP-FULL,3,production,1800,no_completed_candidate,,,,,,,,,,,,,,,,,,,,
,M6,SDP-FULL,3,production,3600,verified,2246662340943/4000000000000,,,0.56166558523575,82,,,<repo>\.research-repro\section6-remaining-20260910-01\runs\M6\SDP-FULL\rep-03\exact\final-svd\certificate.json,e9fa6dc855e97c71428dcb9b5317dd9e74e00c85718664a036085bf289089622,,,,,,,2129.875,0.5616653842139253,,2246662340943/4000000000000,0.56166558523575
,M6,SDP-CG,1,production,60,verified,2807882223753/3200000000000,,,0.8774631949228126,92,,,<repo>\.research-repro\section6-remaining-20260910-01\runs\M6\SDP-CG\rep-01\exact\0060-svd\certificate.json,750aec2f4b0b8162cf636b122e224f05749331925e755bf23a7f166b80879a55,,,,,,,1.6719999999913853,0.8774632633138718,,2807882223753/3200000000000,0.8774631949228126
,M6,SDP-CG,1,production,300,verified,2807882223753/3200000000000,,,0.8774631949228126,92,,,<repo>\.research-repro\section6-remaining-20260910-01\runs\M6\SDP-CG\rep-01\exact\0060-svd\certificate.json,750aec2f4b0b8162cf636b122e224f05749331925e755bf23a7f166b80879a55,,,,,,,1.6719999999913853,0.8774632633138718,,2807882223753/3200000000000,0.8774631949228126
,M6,SDP-CG,1,production,900,verified,2807882223753/3200000000000,,,0.8774631949228126,92,,,<repo>\.research-repro\section6-remaining-20260910-01\runs\M6\SDP-CG\rep-01\exact\0060-svd\certificate.json,750aec2f4b0b8162cf636b122e224f05749331925e755bf23a7f166b80879a55,,,,,,,1.6719999999913853,0.8774632633138718,,2807882223753/3200000000000,0.8774631949228126
,M6,SDP-CG,1,production,1800,verified,2807882223753/3200000000000,,,0.8774631949228126,92,,,<repo>\.research-repro\section6-remaining-20260910-01\runs\M6\SDP-CG\rep-01\exact\0060-svd\certificate.json,750aec2f4b0b8162cf636b122e224f05749331925e755bf23a7f166b80879a55,,,,,,,1.6719999999913853,0.8774632633138718,,2807882223753/3200000000000,0.8774631949228126
,M6,SDP-CG,1,production,3600,verified,2291461383637/4000000000000,,,0.57286534590925,176,,,<repo>\.research-repro\section6-remaining-20260910-01\runs\M6\SDP-CG\rep-01\exact\final-svd\certificate.json,94e58f3a630b961bbebd2f63965cb795b94c9042c06b4c2038a35982ad712ea5,,,,,,,3595.453999999998,0.5728654467494289,,2291461383637/4000000000000,0.57286534590925
,M6,SDP-CG,2,production,60,verified,2807882223753/3200000000000,,,0.8774631949228126,92,,,<repo>\.research-repro\section6-remaining-20260910-01\runs\M6\SDP-CG\rep-02\exact\0060-svd\certificate.json,b285e0ea63e206f5719cb627c8dcb23d03931c8d135b56b60b1ec4cb3ba88b5e,,,,,,,1.6410000000032596,0.8774632633138718,,2807882223753/3200000000000,0.8774631949228126
,M6,SDP-CG,2,production,300,verified,2807882223753/3200000000000,,,0.8774631949228126,92,,,<repo>\.research-repro\section6-remaining-20260910-01\runs\M6\SDP-CG\rep-02\exact\0060-svd\certificate.json,b285e0ea63e206f5719cb627c8dcb23d03931c8d135b56b60b1ec4cb3ba88b5e,,,,,,,1.6410000000032596,0.8774632633138718,,2807882223753/3200000000000,0.8774631949228126
,M6,SDP-CG,2,production,900,verified,2807882223753/3200000000000,,,0.8774631949228126,92,,,<repo>\.research-repro\section6-remaining-20260910-01\runs\M6\SDP-CG\rep-02\exact\0060-svd\certificate.json,b285e0ea63e206f5719cb627c8dcb23d03931c8d135b56b60b1ec4cb3ba88b5e,,,,,,,1.6410000000032596,0.8774632633138718,,2807882223753/3200000000000,0.8774631949228126
,M6,SDP-CG,2,production,1800,verified,2807882223753/3200000000000,,,0.8774631949228126,92,,,<repo>\.research-repro\section6-remaining-20260910-01\runs\M6\SDP-CG\rep-02\exact\0060-svd\certificate.json,b285e0ea63e206f5719cb627c8dcb23d03931c8d135b56b60b1ec4cb3ba88b5e,,,,,,,1.6410000000032596,0.8774632633138718,,2807882223753/3200000000000,0.8774631949228126
,M6,SDP-CG,2,production,3600,verified,2291461383637/4000000000000,,,0.57286534590925,176,,,<repo>\.research-repro\section6-remaining-20260910-01\runs\M6\SDP-CG\rep-02\exact\final-svd\certificate.json,f9d5b12e632f554d31965f87035d34364f0e845b2db37c2b7d74e2386cc35249,,,,,,,3595.4530000000086,0.5728654467494289,,2291461383637/4000000000000,0.57286534590925
,M6,SDP-CG,3,production,60,verified,2807882223753/3200000000000,,,0.8774631949228126,92,,,<repo>\.research-repro\section6-remaining-20260910-01\runs\M6\SDP-CG\rep-03\exact\0060-svd\certificate.json,264f58c6da21bf93ea953330b3eada618f36c239c8a9a53784075ccf544acb2e,,,,,,,1.687999999994645,0.8774632633138718,,2807882223753/3200000000000,0.8774631949228126
,M6,SDP-CG,3,production,300,verified,2807882223753/3200000000000,,,0.8774631949228126,92,,,<repo>\.research-repro\section6-remaining-20260910-01\runs\M6\SDP-CG\rep-03\exact\0060-svd\certificate.json,264f58c6da21bf93ea953330b3eada618f36c239c8a9a53784075ccf544acb2e,,,,,,,1.687999999994645,0.8774632633138718,,2807882223753/3200000000000,0.8774631949228126
,M6,SDP-CG,3,production,900,verified,2807882223753/3200000000000,,,0.8774631949228126,92,,,<repo>\.research-repro\section6-remaining-20260910-01\runs\M6\SDP-CG\rep-03\exact\0060-svd\certificate.json,264f58c6da21bf93ea953330b3eada618f36c239c8a9a53784075ccf544acb2e,,,,,,,1.687999999994645,0.8774632633138718,,2807882223753/3200000000000,0.8774631949228126
,M6,SDP-CG,3,production,1800,verified,2807882223753/3200000000000,,,0.8774631949228126,92,,,<repo>\.research-repro\section6-remaining-20260910-01\runs\M6\SDP-CG\rep-03\exact\0060-svd\certificate.json,264f58c6da21bf93ea953330b3eada618f36c239c8a9a53784075ccf544acb2e,,,,,,,1.687999999994645,0.8774632633138718,,2807882223753/3200000000000,0.8774631949228126
,M6,SDP-CG,3,production,3600,verified,2291461383637/4000000000000,,,0.57286534590925,176,,,<repo>\.research-repro\section6-remaining-20260910-01\runs\M6\SDP-CG\rep-03\exact\final-svd\certificate.json,d84c34a894d4014ff06d56180b9e24f50a3c7b12808d0145ab8387803c7cbc0c,,,,,,,3595.405999999988,0.5728654467494289,,2291461383637/4000000000000,0.57286534590925
,M6,LP-CUT,1,production,60,verified,44933625471779/80000000000000,,,0.5616703183972375,112,,,<repo>\.research-repro\section6-remaining-20260910-01\runs\M6\LP-CUT\rep-01\exact\final-svd\certificate.json,e9190ee901f88a4244d923a32b519d2714072ec6bf2c11f2fdeff2278e362608,,,,,,,4.98399999999674,0.5616697148983679,,44933625471779/80000000000000,0.5616703183972375
,M6,LP-CUT,1,production,300,verified,44933625471779/80000000000000,,,0.5616703183972375,112,,,<repo>\.research-repro\section6-remaining-20260910-01\runs\M6\LP-CUT\rep-01\exact\final-svd\certificate.json,e9190ee901f88a4244d923a32b519d2714072ec6bf2c11f2fdeff2278e362608,,,,,,,4.98399999999674,0.5616697148983679,,44933625471779/80000000000000,0.5616703183972375
,M6,LP-CUT,1,production,900,verified,44933625471779/80000000000000,,,0.5616703183972375,112,,,<repo>\.research-repro\section6-remaining-20260910-01\runs\M6\LP-CUT\rep-01\exact\final-svd\certificate.json,e9190ee901f88a4244d923a32b519d2714072ec6bf2c11f2fdeff2278e362608,,,,,,,4.98399999999674,0.5616697148983679,,44933625471779/80000000000000,0.5616703183972375
,M6,LP-CUT,1,production,1800,verified,44933625471779/80000000000000,,,0.5616703183972375,112,,,<repo>\.research-repro\section6-remaining-20260910-01\runs\M6\LP-CUT\rep-01\exact\final-svd\certificate.json,e9190ee901f88a4244d923a32b519d2714072ec6bf2c11f2fdeff2278e362608,,,,,,,4.98399999999674,0.5616697148983679,,44933625471779/80000000000000,0.5616703183972375
,M6,LP-CUT,1,production,3600,verified,44933625471779/80000000000000,,,0.5616703183972375,112,,,<repo>\.research-repro\section6-remaining-20260910-01\runs\M6\LP-CUT\rep-01\exact\final-svd\certificate.json,e9190ee901f88a4244d923a32b519d2714072ec6bf2c11f2fdeff2278e362608,,,,,,,4.98399999999674,0.5616697148983679,,44933625471779/80000000000000,0.5616703183972375
,M6,LP-CUT,2,production,60,verified,44933625471779/80000000000000,,,0.5616703183972375,112,,,<repo>\.research-repro\section6-remaining-20260910-01\runs\M6\LP-CUT\rep-02\exact\final-svd\certificate.json,c53ec0cfa6f935d3c62dd09d9ece56d59d9297c97b931535a7021c410381aee0,,,,,,,5.187999999994645,0.5616697148983679,,44933625471779/80000000000000,0.5616703183972375
,M6,LP-CUT,2,production,300,verified,44933625471779/80000000000000,,,0.5616703183972375,112,,,<repo>\.research-repro\section6-remaining-20260910-01\runs\M6\LP-CUT\rep-02\exact\final-svd\certificate.json,c53ec0cfa6f935d3c62dd09d9ece56d59d9297c97b931535a7021c410381aee0,,,,,,,5.187999999994645,0.5616697148983679,,44933625471779/80000000000000,0.5616703183972375
,M6,LP-CUT,2,production,900,verified,44933625471779/80000000000000,,,0.5616703183972375,112,,,<repo>\.research-repro\section6-remaining-20260910-01\runs\M6\LP-CUT\rep-02\exact\final-svd\certificate.json,c53ec0cfa6f935d3c62dd09d9ece56d59d9297c97b931535a7021c410381aee0,,,,,,,5.187999999994645,0.5616697148983679,,44933625471779/80000000000000,0.5616703183972375
,M6,LP-CUT,2,production,1800,verified,44933625471779/80000000000000,,,0.5616703183972375,112,,,<repo>\.research-repro\section6-remaining-20260910-01\runs\M6\LP-CUT\rep-02\exact\final-svd\certificate.json,c53ec0cfa6f935d3c62dd09d9ece56d59d9297c97b931535a7021c410381aee0,,,,,,,5.187999999994645,0.5616697148983679,,44933625471779/80000000000000,0.5616703183972375
,M6,LP-CUT,2,production,3600,verified,44933625471779/80000000000000,,,0.5616703183972375,112,,,<repo>\.research-repro\section6-remaining-20260910-01\runs\M6\LP-CUT\rep-02\exact\final-svd\certificate.json,c53ec0cfa6f935d3c62dd09d9ece56d59d9297c97b931535a7021c410381aee0,,,,,,,5.187999999994645,0.5616697148983679,,44933625471779/80000000000000,0.5616703183972375
,M6,LP-CUT,3,production,60,verified,44933625471779/80000000000000,,,0.5616703183972375,112,,,<repo>\.research-repro\section6-remaining-20260910-01\runs\M6\LP-CUT\rep-03\exact\final-svd\certificate.json,9be57c12dbbbfcb771f169ed7ee7b35486c34d9bb7fd97cb06c4ed7ea87ce51a,,,,,,,5.0939999999973224,0.5616697148983679,,44933625471779/80000000000000,0.5616703183972375
,M6,LP-CUT,3,production,300,verified,44933625471779/80000000000000,,,0.5616703183972375,112,,,<repo>\.research-repro\section6-remaining-20260910-01\runs\M6\LP-CUT\rep-03\exact\final-svd\certificate.json,9be57c12dbbbfcb771f169ed7ee7b35486c34d9bb7fd97cb06c4ed7ea87ce51a,,,,,,,5.0939999999973224,0.5616697148983679,,44933625471779/80000000000000,0.5616703183972375
,M6,LP-CUT,3,production,900,verified,44933625471779/80000000000000,,,0.5616703183972375,112,,,<repo>\.research-repro\section6-remaining-20260910-01\runs\M6\LP-CUT\rep-03\exact\final-svd\certificate.json,9be57c12dbbbfcb771f169ed7ee7b35486c34d9bb7fd97cb06c4ed7ea87ce51a,,,,,,,5.0939999999973224,0.5616697148983679,,44933625471779/80000000000000,0.5616703183972375
,M6,LP-CUT,3,production,1800,verified,44933625471779/80000000000000,,,0.5616703183972375,112,,,<repo>\.research-repro\section6-remaining-20260910-01\runs\M6\LP-CUT\rep-03\exact\final-svd\certificate.json,9be57c12dbbbfcb771f169ed7ee7b35486c34d9bb7fd97cb06c4ed7ea87ce51a,,,,,,,5.0939999999973224,0.5616697148983679,,44933625471779/80000000000000,0.5616703183972375
,M6,LP-CUT,3,production,3600,verified,44933625471779/80000000000000,,,0.5616703183972375,112,,,<repo>\.research-repro\section6-remaining-20260910-01\runs\M6\LP-CUT\rep-03\exact\final-svd\certificate.json,9be57c12dbbbfcb771f169ed7ee7b35486c34d9bb7fd97cb06c4ed7ea87ce51a,,,,,,,5.0939999999973224,0.5616697148983679,,44933625471779/80000000000000,0.5616703183972375
,M7-lift6,LP-CUT-CG,1,production,60,verified,13865385555821/24000000000000,,,0.5777243981592083,15,,,<repo>\.research-repro\section6-remaining-20260910-01\runs\M7-lift6\LP-CUT-CG\rep-01\exact\0060-svd\certificate.json,900d8cf797a5149cfc84fefa9b86b37b2b681c845ff8167ffaeb0d74db3ee8ee,,,,,,,58.45299999999406,0.5777243919978188,,13865385555821/24000000000000,0.5777243981592083
,M7-lift6,LP-CUT-CG,1,production,300,verified,14780604930691/26250000000000,,,0.5630706640263238,68,,,<repo>\.research-repro\section6-remaining-20260910-01\runs\M7-lift6\LP-CUT-CG\rep-01\exact\0300-svd\certificate.json,f6825e34bb9c76a697b19084e35c1d067c36cc724b17fce9b7c6706ddd4bb8fa,,,,,,,284.31299999999464,0.5630705071723557,,14780604930691/26250000000000,0.5630706640263238
,M7-lift6,LP-CUT-CG,1,production,900,verified,2830945190831747/5040000000000000,,,0.5616954743713783,104,,,<repo>\.research-repro\section6-remaining-20260910-01\runs\M7-lift6\LP-CUT-CG\rep-01\exact\0900-svd\certificate.json,519644a5fa627024fa02300d4314609d6634599d1646506dfc1a62ae1aefa121,,,,,,,881.4059999999881,0.5616953273880914,,2830945190831747/5040000000000000,0.5616954743713783
,M7-lift6,LP-CUT-CG,1,production,1800,verified,23590185726251/42000000000000,,,0.561671088720262,108,,,<repo>\.research-repro\section6-remaining-20260910-01\runs\M7-lift6\LP-CUT-CG\rep-01\exact\final-svd\certificate.json,69182ac676fced56a8dc43ec4cee4ca4f4f7a5c4a48b6eae329fe86ce46300ef,,,,,,,1186.2189999999973,0.5616709473470094,,23590185726251/42000000000000,0.561671088720262
,M7-lift6,LP-CUT-CG,1,production,3600,verified,23590185726251/42000000000000,,,0.561671088720262,108,,,<repo>\.research-repro\section6-remaining-20260910-01\runs\M7-lift6\LP-CUT-CG\rep-01\exact\final-svd\certificate.json,69182ac676fced56a8dc43ec4cee4ca4f4f7a5c4a48b6eae329fe86ce46300ef,,,,,,,1186.2189999999973,0.5616709473470094,,23590185726251/42000000000000,0.561671088720262
,M7-lift6,LP-CUT-CG,2,production,60,verified,13865385555821/24000000000000,,,0.5777243981592083,15,,,<repo>\.research-repro\section6-remaining-20260910-01\runs\M7-lift6\LP-CUT-CG\rep-02\exact\0060-svd\certificate.json,3dae11f683d5b374492fe77873051e5199a3424f0a01f8954880274ed9394289,,,,,,,58.5619999999908,0.5777243919978188,,13865385555821/24000000000000,0.5777243981592083
,M7-lift6,LP-CUT-CG,2,production,300,verified,14780604930691/26250000000000,,,0.5630706640263238,68,,,<repo>\.research-repro\section6-remaining-20260910-01\runs\M7-lift6\LP-CUT-CG\rep-02\exact\0300-svd\certificate.json,4d11f4d99bc88f5d6f4873a93418f4ec456c9a636a533655f1e595e265435516,,,,,,,285.3119999999908,0.5630705071723557,,14780604930691/26250000000000,0.5630706640263238
,M7-lift6,LP-CUT-CG,2,production,900,verified,2830945190831747/5040000000000000,,,0.5616954743713783,104,,,<repo>\.research-repro\section6-remaining-20260910-01\runs\M7-lift6\LP-CUT-CG\rep-02\exact\0900-svd\certificate.json,bb2562a3d28454c61a8a87d2e7ea46734a3250388c049f77d06c337dd084fd9e,,,,,,,884.8439999999973,0.5616953273880914,,2830945190831747/5040000000000000,0.5616954743713783
,M7-lift6,LP-CUT-CG,2,production,1800,verified,23590185726251/42000000000000,,,0.561671088720262,108,,,<repo>\.research-repro\section6-remaining-20260910-01\runs\M7-lift6\LP-CUT-CG\rep-02\exact\final-svd\certificate.json,c3fca924dc181fed5b5efed8f5438eedef5c9eb73f669a48c23f87c20939ffde,,,,,,,1191.0149999999994,0.5616709473470094,,23590185726251/42000000000000,0.561671088720262
,M7-lift6,LP-CUT-CG,2,production,3600,verified,23590185726251/42000000000000,,,0.561671088720262,108,,,<repo>\.research-repro\section6-remaining-20260910-01\runs\M7-lift6\LP-CUT-CG\rep-02\exact\final-svd\certificate.json,c3fca924dc181fed5b5efed8f5438eedef5c9eb73f669a48c23f87c20939ffde,,,,,,,1191.0149999999994,0.5616709473470094,,23590185726251/42000000000000,0.561671088720262
,M7-lift6,LP-CUT-CG,3,production,60,verified,13865385555821/24000000000000,,,0.5777243981592083,15,,,<repo>\.research-repro\section6-remaining-20260910-01\runs\M7-lift6\LP-CUT-CG\rep-03\exact\0060-svd\certificate.json,52fa5ffbb60a2d28676fb6d1ecb0f02c1cad623eb3655d441c9547d8c8a9f75d,,,,,,,58.36000000000058,0.5777243919978188,,13865385555821/24000000000000,0.5777243981592083
,M7-lift6,LP-CUT-CG,3,production,300,verified,14780604930691/26250000000000,,,0.5630706640263238,68,,,<repo>\.research-repro\section6-remaining-20260910-01\runs\M7-lift6\LP-CUT-CG\rep-03\exact\0300-svd\certificate.json,311970b1771c21609c4c5d6488bc7be3c1d3db8c69c12b8780ec0eed86d89de2,,,,,,,284.5939999999973,0.5630705071723557,,14780604930691/26250000000000,0.5630706640263238
,M7-lift6,LP-CUT-CG,3,production,900,verified,2830945190831747/5040000000000000,,,0.5616954743713783,104,,,<repo>\.research-repro\section6-remaining-20260910-01\runs\M7-lift6\LP-CUT-CG\rep-03\exact\0900-svd\certificate.json,4e1fe27a4ed790deb9b3fff2823ab20cb5fa2c5586313ecfdd58d5aad0956fe6,,,,,,,882.7660000000033,0.5616953273880914,,2830945190831747/5040000000000000,0.5616954743713783
,M7-lift6,LP-CUT-CG,3,production,1800,verified,23590185726251/42000000000000,,,0.561671088720262,108,,,<repo>\.research-repro\section6-remaining-20260910-01\runs\M7-lift6\LP-CUT-CG\rep-03\exact\final-svd\certificate.json,46b2caf2c8658a9e5c9a3c1e188b340895b3edc971841a9ee8816c7399008c0e,,,,,,,1188.4379999999946,0.5616709473470094,,23590185726251/42000000000000,0.561671088720262
,M7-lift6,LP-CUT-CG,3,production,3600,verified,23590185726251/42000000000000,,,0.561671088720262,108,,,<repo>\.research-repro\section6-remaining-20260910-01\runs\M7-lift6\LP-CUT-CG\rep-03\exact\final-svd\certificate.json,46b2caf2c8658a9e5c9a3c1e188b340895b3edc971841a9ee8816c7399008c0e,,,,,,,1188.4379999999946,0.5616709473470094,,23590185726251/42000000000000,0.561671088720262
,M6,LP-CUT-CG,1,production,60,verified,134800618697827/240000000000000,,,0.5616692445742791,109,,,<repo>\.research-repro\section6-remaining-20260910-01\runs\M6\LP-CUT-CG\rep-01\exact\final-svd\certificate.json,b166d413f64306b3520061233535a4110bcbf11a3345d6a5ea54223d30e11604,,,,,,,7.1560000000026776,0.5616688074979892,,134800618697827/240000000000000,0.5616692445742791
,M6,LP-CUT-CG,1,production,300,verified,134800618697827/240000000000000,,,0.5616692445742791,109,,,<repo>\.research-repro\section6-remaining-20260910-01\runs\M6\LP-CUT-CG\rep-01\exact\final-svd\certificate.json,b166d413f64306b3520061233535a4110bcbf11a3345d6a5ea54223d30e11604,,,,,,,7.1560000000026776,0.5616688074979892,,134800618697827/240000000000000,0.5616692445742791
,M6,LP-CUT-CG,1,production,900,verified,134800618697827/240000000000000,,,0.5616692445742791,109,,,<repo>\.research-repro\section6-remaining-20260910-01\runs\M6\LP-CUT-CG\rep-01\exact\final-svd\certificate.json,b166d413f64306b3520061233535a4110bcbf11a3345d6a5ea54223d30e11604,,,,,,,7.1560000000026776,0.5616688074979892,,134800618697827/240000000000000,0.5616692445742791
,M6,LP-CUT-CG,1,production,1800,verified,134800618697827/240000000000000,,,0.5616692445742791,109,,,<repo>\.research-repro\section6-remaining-20260910-01\runs\M6\LP-CUT-CG\rep-01\exact\final-svd\certificate.json,b166d413f64306b3520061233535a4110bcbf11a3345d6a5ea54223d30e11604,,,,,,,7.1560000000026776,0.5616688074979892,,134800618697827/240000000000000,0.5616692445742791
,M6,LP-CUT-CG,1,production,3600,verified,134800618697827/240000000000000,,,0.5616692445742791,109,,,<repo>\.research-repro\section6-remaining-20260910-01\runs\M6\LP-CUT-CG\rep-01\exact\final-svd\certificate.json,b166d413f64306b3520061233535a4110bcbf11a3345d6a5ea54223d30e11604,,,,,,,7.1560000000026776,0.5616688074979892,,134800618697827/240000000000000,0.5616692445742791
,M6,LP-CUT-CG,2,production,60,verified,134800618697827/240000000000000,,,0.5616692445742791,109,,,<repo>\.research-repro\section6-remaining-20260910-01\runs\M6\LP-CUT-CG\rep-02\exact\final-svd\certificate.json,f6be503f5195a585257597fed91f4155f1a0499fa56769512b6f86d0ab17609d,,,,,,,6.828000000008615,0.5616688074979892,,134800618697827/240000000000000,0.5616692445742791
,M6,LP-CUT-CG,2,production,300,verified,134800618697827/240000000000000,,,0.5616692445742791,109,,,<repo>\.research-repro\section6-remaining-20260910-01\runs\M6\LP-CUT-CG\rep-02\exact\final-svd\certificate.json,f6be503f5195a585257597fed91f4155f1a0499fa56769512b6f86d0ab17609d,,,,,,,6.828000000008615,0.5616688074979892,,134800618697827/240000000000000,0.5616692445742791
,M6,LP-CUT-CG,2,production,900,verified,134800618697827/240000000000000,,,0.5616692445742791,109,,,<repo>\.research-repro\section6-remaining-20260910-01\runs\M6\LP-CUT-CG\rep-02\exact\final-svd\certificate.json,f6be503f5195a585257597fed91f4155f1a0499fa56769512b6f86d0ab17609d,,,,,,,6.828000000008615,0.5616688074979892,,134800618697827/240000000000000,0.5616692445742791
,M6,LP-CUT-CG,2,production,1800,verified,134800618697827/240000000000000,,,0.5616692445742791,109,,,<repo>\.research-repro\section6-remaining-20260910-01\runs\M6\LP-CUT-CG\rep-02\exact\final-svd\certificate.json,f6be503f5195a585257597fed91f4155f1a0499fa56769512b6f86d0ab17609d,,,,,,,6.828000000008615,0.5616688074979892,,134800618697827/240000000000000,0.5616692445742791
,M6,LP-CUT-CG,2,production,3600,verified,134800618697827/240000000000000,,,0.5616692445742791,109,,,<repo>\.research-repro\section6-remaining-20260910-01\runs\M6\LP-CUT-CG\rep-02\exact\final-svd\certificate.json,f6be503f5195a585257597fed91f4155f1a0499fa56769512b6f86d0ab17609d,,,,,,,6.828000000008615,0.5616688074979892,,134800618697827/240000000000000,0.5616692445742791
,M6,LP-CUT-CG,3,production,60,verified,134800618697827/240000000000000,,,0.5616692445742791,109,,,<repo>\.research-repro\section6-remaining-20260910-01\runs\M6\LP-CUT-CG\rep-03\exact\final-svd\certificate.json,ac5024c01068c869beab89eaa6e5bd7ec9b1b24ae664cc503493980af782affb,,,,,,,6.843000000008033,0.5616688074979892,,134800618697827/240000000000000,0.5616692445742791
,M6,LP-CUT-CG,3,production,300,verified,134800618697827/240000000000000,,,0.5616692445742791,109,,,<repo>\.research-repro\section6-remaining-20260910-01\runs\M6\LP-CUT-CG\rep-03\exact\final-svd\certificate.json,ac5024c01068c869beab89eaa6e5bd7ec9b1b24ae664cc503493980af782affb,,,,,,,6.843000000008033,0.5616688074979892,,134800618697827/240000000000000,0.5616692445742791
,M6,LP-CUT-CG,3,production,900,verified,134800618697827/240000000000000,,,0.5616692445742791,109,,,<repo>\.research-repro\section6-remaining-20260910-01\runs\M6\LP-CUT-CG\rep-03\exact\final-svd\certificate.json,ac5024c01068c869beab89eaa6e5bd7ec9b1b24ae664cc503493980af782affb,,,,,,,6.843000000008033,0.5616688074979892,,134800618697827/240000000000000,0.5616692445742791
,M6,LP-CUT-CG,3,production,1800,verified,134800618697827/240000000000000,,,0.5616692445742791,109,,,<repo>\.research-repro\section6-remaining-20260910-01\runs\M6\LP-CUT-CG\rep-03\exact\final-svd\certificate.json,ac5024c01068c869beab89eaa6e5bd7ec9b1b24ae664cc503493980af782affb,,,,,,,6.843000000008033,0.5616688074979892,,134800618697827/240000000000000,0.5616692445742791
,M6,LP-CUT-CG,3,production,3600,verified,134800618697827/240000000000000,,,0.5616692445742791,109,,,<repo>\.research-repro\section6-remaining-20260910-01\runs\M6\LP-CUT-CG\rep-03\exact\final-svd\certificate.json,ac5024c01068c869beab89eaa6e5bd7ec9b1b24ae664cc503493980af782affb,,,,,,,6.843000000008033,0.5616688074979892,,134800618697827/240000000000000,0.5616692445742791
